time;throughput;memory;tflops
26.371970623498783;568.736480928103;102.76044800000001;11.12519232
