time;throughput;memory;tflops
6.226567198405974;2201.24250718136;33.554432;0.629123392
