time;throughput;memory;tflops
3.0364025549497455;3781.586593618686;71.303168;3.628146688
