time;throughput;memory;tflops
9.544947907910682;1501.989472764025;35.651584;0.771638464
