time;throughput;memory;tflops
6.923514454741962;1809.724498050678;121.634816;8.178368512
