time;throughput;memory;tflops
9.353791017318144;1539.4704472380058;35.651584;0.771638464
